CODE,CO_NM,div_cur,div_change,major_hldr,minor_hldr,outer_dir,dir_gender,total_emp,emp_gender
000660,SK하이닉스,0.11,-0.05800000000000001,,0.06,0.6666666666666666,0.1111111111111111,30135.0,0.35194956031192964
035420,NAVER,0.005,-0.054000000000000006,,0.06,0.6666666666666666,0.16666666666666666,4678.0,0.36639589568191533
005380,현대차,0.263,-0.28800000000000003,0.2938,0.05,0.5454545454545454,0.09090909090909091,71982.0,0.05933427801394793
006400,삼성SDI,0.057,-0.059,0.2059,0.05,0.5714285714285714,0.09375,11315.0,0.14635439681838266
068270,셀트리온,0.17679999999999998,,,0.06,0.5555555555555556,0.16666666666666666,2207.0,0.4173085636610784
028260,삼성물산,0.424,0.05799999999999997,,0.04,0.5555555555555556,0.1111111111111111,17638.0,0.20206372604603698
005490,POSCO,0.19399999999999998,-0.19300000000000003,,0.06,0.5833333333333334,0.08333333333333333,18247.0,0.05743409875595988
105560,KB금융,0.26,0.06,,0.07,0.7777777777777778,0.10810810810810811,161.0,0.18633540372670807
055550,신한지주,0.26039999999999996,0.025,0.08779999999999999,0.06,0.8571428571428571,0.06896551724137931,183.0,0.19672131147540983
012330,현대모비스,0.155,-0.087,,0.05,0.5555555555555556,0.010416666666666666,10835.0,0.12256575911398246
096770,SK이노베이션,0.6920000000000001,,0.33409999999999995,0.04,0.7142857142857143,0.07462686567164178,1353.0,0.31263858093126384
034730,SK,0.22719999999999999,-1.7278,,0.04,0.5555555555555556,0.09375,4448.0,0.227068345323741
015760,한국전력,,,,0.04,0.5333333333333333,0.1,23414.0,0.22315708550439908
066570,LG전자,0.149,0.03900000000000001,0.3367,0.05,0.8,0.029900332225913623,72998.0,0.1369900545220417
323410,카카오뱅크,,,,0.02,0.6666666666666666,0.05263157894736842,1022.0,0.4765166340508806
010950,S-Oil,0.321,,0.7217999999999999,,0.5454545454545454,0.04918032786885246,3154.0,0.0735573874445149
086790,하나금융지주,0.26,0.06,,0.08,0.8,0.07692307692307693,113.0,0.18584070796460178
017670,SK텔레콤,0.298,-0.177,,0.05,0.7142857142857143,0.14285714285714285,5339.0,0.20265967409627272
051900,LG생활건강,0.23800000000000002,0.006999999999999993,0.34509999999999996,0.05,0.5714285714285714,0.0,4469.0,0.5289773998657418
009150,삼성전기,0.17800000000000002,0.003000000000000007,0.24109999999999998,0.06,0.5714285714285714,0.14285714285714285,23732.0,0.23697960559582
000810,삼성화재,0.455,-0.041000000000000016,0.19440000000000002,0.04,0.6666666666666666,0.1111111111111111,5647.0,0.4404108376128918
010130,고려아연,0.46270000000000006,0.0718,,0.03,0.5454545454545454,0.025,1550.0,0.041935483870967745
316140,우리금융지주,0.2529,0.053999999999999986,,0.04,0.5714285714285714,0.0,149.0,0.11409395973154363
003670,포스코케미칼,0.17300000000000001,-0.44599999999999995,,,0.5,0.14285714285714285,2019.0,0.06438831104507181
011070,LG이노텍,0.08,0.01,,0.05,0.5714285714285714,0.023809523809523808,12415.0,0.20813532017720499
036570,엔씨소프트,0.3,0.0,0.12,,0.7142857142857143,0.14285714285714285,9240.0,0.33376623376623377
090430,아모레퍼시픽,0.349,-1.212,0.5977,0.04,0.5555555555555556,0.24324324324324326,5408.0,0.6433062130177515
009830,한화솔루션,,,,0.05,0.6,0.02112676056338028,6710.0,0.1602086438152012
024110,기업은행,0.25780000000000003,0.015,1.663,0.03,0.6666666666666666,0.13636363636363635,13901.0,0.5454283864470182
086280,현대글로비스,0.182,-0.035,,0.03,0.5555555555555556,0.046511627906976744,3262.0,0.16676885346413242
009540,한국조선해양,,,,0.04,0.6,0.0,649.0,0.2049306625577812
011170,롯데케미칼,0.1956,-0.583,,0.04,0.5454545454545454,0.04807692307692308,4644.0,0.15805340223944875
251270,넷마블,0.18,-0.021000000000000015,,0.02,0.6,0.14285714285714285,822.0,0.34306569343065696
032640,LG유플러스,0.3335,-0.08740000000000002,,0.05,0.6666666666666666,0.13432835820895522,10187.0,0.18670855011288898
035250,강원랜드,,,,0.04,0.6923076923076923,0.07692307692307693,3858.0,0.3356661482633489
018880,한온시스템,0.6227,-0.9247,,,0.5555555555555556,0.1111111111111111,2240.0,0.030357142857142857
010140,삼성중공업,,,,0.06,0.5714285714285714,0.023809523809523808,9279.0,0.0375040413837698
047810,한국항공우주,0.305,0.043999999999999984,,0.06,0.8,0.0,5012.0,0.06863527533918595
034220,LG디스플레이,0.1961,,0.3791,0.05,0.6666666666666666,0.02040816326530612,27702.0,0.15749765359901813
011790,SKC,0.174,-0.789,,0.05,0.5714285714285714,0.08695652173913043,753.0,0.11553784860557768
021240,코웨이,0.195,-0.02,,0.05,0.5714285714285714,0.0,6587.0,0.46288143312585395
000720,현대건설,0.166,-0.381,,,0.5714285714285714,0.04285714285714286,6324.0,0.10958254269449716
005830,DB손해보험,0.242,0.003000000000000007,,0.04,0.6,0.016666666666666666,4660.0,0.5721030042918455
004020,현대제철,0.09,,0.35969999999999996,0.05,0.5555555555555556,0.1111111111111111,11495.0,0.03444976076555024
011780,금호석유,0.14300000000000002,-0.05599999999999998,0.2528,0.05,0.7,0.0851063829787234,1401.0,0.15274803711634546
271560,오리온,0.115,0.0040000000000000036,0.8762000000000001,0.03,0.6,0.0,1407.0,0.28002842928216065
000060,메리츠화재,0.10099999999999999,-0.249,1.1262,0.03,0.6,0.08695652173913043,2811.0,0.6051227321237994
004990,롯데지주,0.348,0.7090000000000001,0.7630000000000001,0.02,0.625,0.02631578947368421,193.0,0.23834196891191708
078930,GS,0.1317,0.8737,,0.04,0.5714285714285714,0.0,61.0,0.2459016393442623
128940,한미약품,0.08900000000000001,-0.403,,0.04,0.375,0.2857142857142857,2269.0,0.29440282062582634
036460,한국가스공사,0.24600000000000002,,,0.03,0.6666666666666666,0.2,4307.0,0.13303923844903645
010620,현대미포조선,,,,0.04,0.6,0.0,3024.0,0.027777777777777776
029780,삼성카드,0.445,-0.037000000000000026,,0.01,0.6666666666666666,0.0967741935483871,2023.0,0.36727632229362334
003410,쌍용C&E,1.188,-0.4160000000000001,,0.01,0.5714285714285714,0.0,1135.0,0.03612334801762115
010060,OCI,0.0736,,0.4448,0.06,0.5714285714285714,0.2857142857142857,3128.0,0.06585677749360613
282330,BGF리테일,0.35100000000000003,0.013000000000000043,,0.02,0.5714285714285714,0.0,2778.0,0.26457883369330454
028670,팬오션,0.09699999999999999,-0.192,,0.04,0.5714285714285714,0.05,1135.0,0.0933920704845815
307950,현대오토에버,0.275,0.008000000000000007,,0.02,0.42857142857142855,0.043478260869565216,3613.0,0.21256573484638805
002790,아모레G,0.233,-2.114,0.8755,0.02,0.6666666666666666,0.07692307692307693,92.0,0.40217391304347827
005940,NH투자증권,0.3563,-0.008799999999999954,0.5179,0.04,0.625,0.0847457627118644,3061.0,0.42012414243711205
016360,삼성증권,0.3515,-0.035399999999999994,,0.06,0.6666666666666666,0.12903225806451613,2576.0,0.4343944099378882
023530,롯데쇼핑,,,,0.03,0.7142857142857143,0.14285714285714285,21042.0,0.6749358426005133
008770,호텔신라,0.2812,0.30810000000000004,,0.06,0.5714285714285714,0.09090909090909091,2285.0,0.4923413566739606
001450,현대해상,0.268,0.029000000000000022,,0.06,0.5714285714285714,0.09433962264150944,4061.0,0.49150455552819505
008930,한미사이언스,0.307,-0.265,,0.01,0.2857142857142857,0.15384615384615385,92.0,0.3804347826086957
030000,제일기획,0.606,0.065,,0.03,0.4,0.13157894736842105,1326.0,0.504524886877828
052690,한전기술,0.55,0.01799999999999997,,0.02,0.6,0.18181818181818182,2398.0,0.16680567139282734
007070,GS리테일,0.15,-0.261,,0.03,0.5714285714285714,0.14285714285714285,7848.0,0.48814984709480125
272210,한화시스템,0.3057,0.035,,0.02,0.5714285714285714,0.019230769230769232,3938.0,0.13864906043676994
026960,동서,0.609,0.018999999999999986,,0.02,0.25,0.0,283.0,0.14840989399293286
012750,에스원,0.6553,0.06039999999999999,,0.03,0.25,0.027777777777777776,6761.0,0.0727703002514421
112610,씨에스윈드,0.3821,-0.1779,,0.04,0.42857142857142855,0.0,96.0,0.15625
047040,대우건설,,,,0.04,0.5714285714285714,0.0,5433.0,0.12295232836370329
047050,포스코인터내셔널,0.27399999999999997,-0.08800000000000004,,0.02,0.5,0.0,1264.0,0.28639240506329117
001440,대한전선,,,,0.05,0.375,0.0,,
064350,현대로템,,,,0.06,0.5714285714285714,0.0,3444.0,0.026713124274099883
204320,만도,0.2245,,,0.05,0.5714285714285714,0.027777777777777776,3765.0,0.05444887118193891
138930,BNK금융지주,,,,0.06,0.875,0.0,110.0,0.11818181818181818
039490,키움증권,0.1159,0.006099999999999994,0.5308999999999999,0.04,0.625,0.043478260869565216,941.0,0.4920297555791711
004170,신세계,0.0962,0.23879999999999998,,0.05,0.5714285714285714,0.0,2567.0,0.6875730424620179
006260,LS,0.1449,-0.1725,,0.04,0.5714285714285714,0.058823529411764705,74.0,0.16216216216216217
006280,녹십자,0.18530000000000002,-0.0259,,0.04,0.25,0.10714285714285714,2187.0,0.2501143118427069
336260,두산퓨얼셀,,,0.7291,0.05,0.6666666666666666,0.0,481.0,0.11642411642411643
000880,한화,0.0775,-0.25549999999999995,0.5895999999999999,0.04,0.5555555555555556,0.02,4751.0,0.0976636497579457
081660,휠라홀딩스,0.2555,0.17550000000000002,,0.06,0.5,0.1111111111111111,,
111770,영원무역,0.1472,-0.00129999999999999,,0.02,0.5,0.36363636363636365,301.0,0.6976744186046512
004800,효성,0.295,,,0.02,0.6666666666666666,0.04081632653061224,1336.0,0.23652694610778444
093370,후성,0.062,,,0.04,0.25,0.0,366.0,0.05737704918032787
004370,농심,0.23170000000000002,0.07600000000000001,,0.04,0.6666666666666666,0.02702702702702703,5241.0,0.5701202060675443
005300,롯데칠성,0.22,,1.0893000000000002,0.02,0.5555555555555556,0.11904761904761904,5773.0,0.22016282695305733
003090,대웅,0.053,0.010999999999999996,,0.02,0.3333333333333333,0.25,324.0,0.5833333333333334
336370,솔루스첨단소재,0.33,,,0.04,0.6,0.0,271.0,0.19557195571955718
014820,동원시스템즈,0.3649,0.11460000000000001,1.2116999999999998,0.01,0.25,0.0,1693.0,0.07324276432368576
007310,오뚜기,0.20929999999999999,-0.03719999999999999,0.6364,0.02,0.25,0.09090909090909091,3035.0,0.6369028006589785
009240,한샘,0.47200000000000003,0.12700000000000003,,0.02,0.375,0.1,,
000210,DL,,,0.495,0.04,0.6,0.18181818181818182,39.0,0.20512820512820512
005070,코스모신소재,,,,0.07,0.3333333333333333,0.0,349.0,0.04871060171919771
005850,에스엘,0.239,-0.11200000000000003,,0.01,0.5,0.0,4364.0,0.13909257561869845
175330,JB금융지주,0.23,0.03,,0.05,0.75,0.0,90.0,0.15555555555555556
120110,코오롱인더,0.19399999999999998,0.04899999999999999,0.4307,0.05,0.5714285714285714,0.0,4009.0,0.2344724370167124
139130,DGB금융지주,0.212,0.018999999999999986,,0.06,0.8571428571428571,0.0,115.0,0.16521739130434782
001120,LX인터내셔널,0.23600000000000002,0.18770000000000003,,0.06,0.5714285714285714,0.0,744.0,0.28225806451612906
042700,한미반도체,0.305,-0.08700000000000002,,0.04,0.3333333333333333,0.0,652.0,0.046012269938650305
001230,동국제강,0.068,-0.21899999999999997,,0.05,0.6,0.0,2577.0,0.046177726038028714
000240,한국앤컴퍼니,0.2889,0.0184,,0.02,0.5714285714285714,0.0,1048.0,0.05534351145038168
010780,아이에스동서,0.349,0.10399999999999998,,0.03,0.5555555555555556,0.0,724.0,0.10497237569060773
016710,대성홀딩스,0.16699999999999998,0.08299999999999999,,0.01,0.6,0.14285714285714285,,
020560,아시아나항공,,,,0.05,0.6,0.02564102564102564,8664.0,0.534741458910434
019170,신풍제약,,,0.466,0.06,4.0,0.14285714285714285,813.0,0.3234932349323493
000150,두산,0.1689,,0.831,0.02,0.5714285714285714,0.0,2034.0,0.16617502458210423
018670,SK가스,0.184,0.04899999999999999,,0.02,0.5714285714285714,0.08333333333333333,582.0,0.19243986254295534
017800,현대엘리베이,0.289,-0.053999999999999986,0.265,0.04,0.42857142857142855,0.14285714285714285,2685.0,0.07039106145251396
031430,신세계인터내셔날,0.1305,-0.023699999999999992,0.5405,0.03,0.42857142857142855,0.15,1369.0,0.7706355003652301
042670,현대두산인프라코어,,,,0.05,0.6,0.0,2832.0,0.08050847457627118
181710,NHN,,,,0.04,0.5,0.0,903.0,0.35658914728682173
001740,SK네트웍스,0.27,-0.49,0.4227,,0.625,0.125,1573.0,0.3477431659249841
268280,미원에스씨,0.132,-0.11600000000000002,,0.02,0.42857142857142855,0.0625,458.0,0.13100436681222707
003690,코리안리,0.35,0.026000000000000013,,0.03,0.5714285714285714,0.058823529411764705,397.0,0.32997481108312343
003240,태광산업,0.0045000000000000005,-0.004,0.5453,0.01,0.6,0.045454545454545456,2902.0,0.2136457615437629
073240,금호타이어,,,,0.02,0.5555555555555556,0.0,4855.0,0.04387229660144181
000670,영풍,0.13849999999999998,0.00879999999999999,,0.01,0.6,0.0,687.0,0.06695778748180495
079160,CJ CGV,,,,0.05,0.6,0.2,3558.0,0.5286677908937606
145720,덴티움,0.039,-0.039,,0.05,0.5,0.0,635.0,0.247244094488189
178920,PI첨단소재,0.5,0.0,,0.03,0.42857142857142855,0.0,306.0,0.0718954248366013
300720,한일시멘트,0.4579,0.1,1.4664,0.01,0.25,0.0,632.0,0.055379746835443035
005250,녹십자홀딩스,0.32899999999999996,0.19599999999999998,0.5068,0.04,0.25,0.0,146.0,0.3219178082191781
082640,동양생명,0.35100000000000003,0.08400000000000002,,0.02,0.5714285714285714,0.10526315789473684,998.0,0.5521042084168337
214320,이노션,0.546,-0.021000000000000015,,0.03,0.42857142857142855,0.1111111111111111,704.0,0.45170454545454547
002840,미원상사,0.5145000000000001,0.4474,,0.03,0.3333333333333333,0.0,627.0,0.12121212121212122
032350,롯데관광개발,,,0.47240000000000004,0.04,0.3333333333333333,0.22727272727272727,1294.0,0.5030911901081917
009420,한올바이오파마,,,,0.05,0.42857142857142855,0.09090909090909091,307.0,0.3257328990228013
014830,유니드,0.081,-0.07800000000000001,0.45439999999999997,0.04,0.4,0.0,874.0,0.10068649885583524
013890,지누스,0.159,0.0040000000000000036,,0.04,0.42857142857142855,0.1111111111111111,142.0,0.2535211267605634
005880,대한해운,,,,0.04,0.5714285714285714,0.05,171.0,0.08771929824561403
249420,일동제약,,,,0.05,0.25,0.08695652173913043,1394.0,0.35078909612625536
069260,휴켐스,0.528,-0.24299999999999997,,0.03,0.4,0.0,262.0,0.04961832061068702
114090,GKL,,,,0.04,0.5454545454545454,0.25,1754.0,0.5444697833523375
011000,진원생명과학,,,,0.09,0.3333333333333333,0.0,56.0,0.5714285714285714
089590,제주항공,,,,0.03,0.5,0.0,2996.0,0.4596128170894526
010050,우리종금,0.21899999999999997,0.08099999999999997,,0.04,0.6666666666666666,0.07142857142857142,239.0,0.3514644351464435
023590,다우기술,0.069,-0.008999999999999994,,0.03,0.6,0.03125,572.0,0.32167832167832167
003540,대신증권,0.15,-0.4,0.19010000000000002,0.04,0.625,0.05263157894736842,1467.0,0.41922290388548056
005440,현대그린푸드,0.444,0.18599999999999997,,0.04,0.3,0.05,5945.0,0.6681244743481918
020000,한섬,0.115,-0.0009999999999999966,,0.04,0.42857142857142855,0.0,1545.0,0.7016181229773463
039130,하나투어,,,,0.06,0.3333333333333333,0.13333333333333333,,
004490,세방전지,0.09539999999999998,-0.005700000000000003,0.4155,0.02,0.375,0.0,1137.0,0.048372911169744945
004690,삼천리,0.17300000000000001,-0.14800000000000002,,0.03,0.6,0.07407407407407407,828.0,0.10024154589371981
241590,화승엔터프라이즈,-0.418,-0.48599999999999993,,0.02,0.42857142857142855,0.0,6.0,0.16666666666666666
272450,진에어,,,,0.03,0.5714285714285714,0.0,1785.0,0.4773109243697479
001680,대상,0.2,-0.0016000000000000014,0.5391,0.04,0.5714285714285714,0.14285714285714285,5358.0,0.5567375886524822
192080,더블유게임즈,0.095,0.042,,0.04,0.5,0.0,280.0,0.35
003530,한화투자증권,0.3,,0.5382,0.05,0.5714285714285714,0.030303030303030304,1138.0,0.39630931458699475
003850,보령제약,0.1528,-0.015099999999999997,,0.03,0.3333333333333333,0.13333333333333333,1374.0,0.2925764192139738
005690,파미셀,,,,0.08,0.3333333333333333,0.0,121.0,0.2644628099173554
007700,F&F홀딩스,,,,,0.3333333333333333,0.0,8.0,0.25
105630,한세실업,0.2914,0.0398,,0.02,0.3333333333333333,0.35714285714285715,561.0,0.6149732620320856
006120,SK디스커버리,0.13970000000000002,0.0631,0.5104,0.04,0.5714285714285714,0.05,43.0,0.20930232558139536
000640,동아쏘시오홀딩스,0.15560000000000002,0.1183,,0.04,0.5714285714285714,0.07692307692307693,90.0,0.24444444444444444
192650,드림텍,0.245,-0.368,,0.03,0.375,0.0,486.0,0.4609053497942387
192820,코스맥스,0.182,,,0.05,0.25,0.10714285714285714,1164.0,0.4896907216494845
009970,영원무역홀딩스,0.105,-0.028000000000000008,,0.02,0.4,0.1,50.0,0.6
064960,SNT모티브,0.278,-0.12599999999999997,,0.04,0.25,0.0,726.0,0.030303030303030304
000070,삼양홀딩스,0.1,-0.07,,,0.5,0.06666666666666667,481.0,0.3762993762993763
057050,현대홈쇼핑,0.27,0.04699999999999999,,0.03,0.5714285714285714,0.0,1011.0,0.5252225519287834
003000,부광약품,,,,0.05,0.42857142857142855,0.29411764705882354,608.0,0.3618421052631579
003030,세아제강지주,0.031,-0.149,,0.02,0.25,0.0,36.0,0.2777777777777778
210980,SK디앤디,0.1485,-0.10500000000000002,,0.02,0.5,0.0,274.0,0.2664233576642336
034310,NICE,0.24,-0.365,0.9594,0.02,0.375,0.0,50.0,0.16
097520,엠씨넥스,0.226,-0.012999999999999972,,0.06,0.5,0.041666666666666664,455.0,0.2043956043956044
007340,디티알오토모티브,0.2132,-0.16210000000000002,,0.02,0.25,0.0,1167.0,0.17223650385604114
001430,세아베스틸,0.2656,,,0.03,0.5714285714285714,0.047619047619047616,1547.0,0.03361344537815126
085620,미래에셋생명,0.165,-0.19039999999999999,,0.02,0.8,0.07272727272727272,887.0,0.5073280721533259
003470,유안타증권,0.25,0.0,,0.03,0.6,0.06451612903225806,1744.0,0.3761467889908257
005090,SGC에너지,0.361,-0.331,,0.03,0.3333333333333333,0.0,205.0,0.08292682926829269
001060,JW중외제약,,,0.45,0.05,0.42857142857142855,0.0967741935483871,1190.0,0.2319327731092437
003280,흥아해운,,,,0.01,0.5,0.0,,
170900,동아에스티,0.6579999999999999,0.3467,,0.05,0.5714285714285714,0.07317073170731707,1646.0,0.29465370595382745
002240,고려제강,0.05,-0.66,,0.02,0.4166666666666667,0.0,831.0,0.07220216606498195
004430,송원산업,0.0664,-0.038500000000000006,0.3563,0.04,0.3333333333333333,0.0,646.0,0.09442724458204334
017810,풀무원,,,,0.01,0.7272727272727273,0.12,452.0,0.43805309734513276
005180,빙그레,,,,0.04,0.3333333333333333,0.0,1827.0,0.24466338259441708
007810,코리아써키트,,,0.9506999999999999,0.04,0.3333333333333333,0.0,1337.0,0.1368735976065819
082740,HSD엔진,,,,0.06,0.4,0.058823529411764705,756.0,0.03968253968253968
093050,LF,0.14400000000000002,-0.6779999999999999,,0.04,0.42857142857142855,0.2777777777777778,996.0,0.5863453815261044
007690,국도화학,0.12050000000000001,-0.1016,,0.04,0.3,0.02040816326530612,571.0,0.10507880910683012
123890,한국자산신탁,0.2505,0.0434,,,0.75,0.0,191.0,0.193717277486911
001470,삼부토건,,,,0.07,0.2857142857142857,0.0,340.0,0.07647058823529412
011930,신성이엔지,,,0.21050000000000002,0.07,0.4,0.25,437.0,0.13043478260869565
034830,한국토지신탁,0.163,-0.07800000000000001,,0.04,0.5555555555555556,0.0,240.0,0.2625
306200,세아제강,,,,0.03,0.4,0.0,658.0,0.05927051671732523
007660,이수페타시스,,,,,0.25,0.0,910.0,0.08351648351648351
007570,일양약품,0.2601,0.053399999999999996,,0.06,0.5,0.0,636.0,0.1871069182389937
005420,코스모화학,,,0.3109,0.06,0.42857142857142855,0.0,219.0,0.0684931506849315
005950,이수화학,0.141,,,0.06,0.25,0.0,421.0,0.1187648456057007
003580,넥스트사이언스,,,,0.08,0.3333333333333333,0.0,45.0,0.15555555555555556
037560,LG헬로비전,,,,0.03,0.5,0.15384615384615385,1053.0,0.25546058879392214
145990,삼양사,0.3053,0.08720000000000003,,0.02,0.42857142857142855,0.07142857142857142,1326.0,0.21794871794871795
002320,한진,0.0547,-1.1523999999999999,,0.04,0.625,0.041666666666666664,1489.0,0.11148421759570182
001530,DI동일,0.0797,-0.03270000000000001,,0.03,0.375,0.0,243.0,0.3374485596707819
030610,교보증권,0.2217,0.014700000000000024,,0.02,0.6,0.038461538461538464,994.0,0.3641851106639839
286940,롯데정보통신,0.3056,-0.04890000000000004,,0.02,0.5,0.14814814814814814,2885.0,0.29393414211438473
161000,애경케미칼,0.3428,0.09359999999999999,,0.03,0.25,0.08333333333333333,684.0,0.10526315789473684
322000,현대에너지솔루션,,,1.0714,0.04,0.6,0.0,213.0,0.18779342723004694
003070,코오롱글로벌,0.09179999999999999,-0.0315,0.8289,0.02,0.5714285714285714,0.0,3240.0,0.14722222222222223
004890,동일산업,0.198,-0.28800000000000003,0.5642,0.02,0.6,0.0,250.0,0.024
071840,롯데하이마트,,,,0.03,0.625,0.0,3650.0,0.38
012630,HDC,0.121,-0.010999999999999996,,0.05,0.6,0.0,,
002900,TYM,0.109,,0.6314,0.05,0.42857142857142855,0.3,617.0,0.13776337115072934
115390,락앤락,,,,0.02,0.375,0.14285714285714285,534.0,0.5243445692883895
138490,코오롱플라스틱,0.253,,,0.03,0.25,0.0,370.0,0.14864864864864866
053210,스카이라이프,0.27699999999999997,-0.014000000000000021,,0.04,0.5555555555555556,0.0625,373.0,0.21715817694369974
006390,한일현대시멘트,,,,0.01,0.25,0.0,438.0,0.03424657534246575
084010,대한제강,0.06860000000000001,-0.0642,0.4542,0.04,0.25,0.0,398.0,0.0678391959798995
068400,SK렌터카,,,,0.01,0.6,0.058823529411764705,647.0,0.22720247295208656
058650,세아홀딩스,0.2,0.255,,0.06,0.3333333333333333,0.125,42.0,0.38095238095238093
108670,LX하우시스,0.233,,0.301,0.06,0.5714285714285714,0.05714285714285714,3318.0,0.15581675708257986
008490,서흥,0.10400000000000001,0.01,,0.03,0.25,0.034482758620689655,871.0,0.24339839265212398
018250,애경산업,0.33299999999999996,-0.12400000000000005,,0.03,0.375,0.07692307692307693,860.0,0.336046511627907
281820,케이씨텍,0.109,0.0,,0.03,0.3333333333333333,0.0,732.0,0.10109289617486339
002270,롯데푸드,,,,,,,,
092220,KEC,,,,0.06,0.25,0.0,622.0,0.3102893890675241
016800,퍼시스,0.2237,-0.045899999999999996,1.0942,0.09,0.2857142857142857,0.1111111111111111,215.0,0.4
226320,잇츠한불,,,0.6159,0.01,0.5,0.0,145.0,0.36551724137931035
130660,한전산업,0.7541,0.25079999999999997,,0.03,0.4444444444444444,0.0,3050.0,0.03081967213114754
071320,지역난방공사,0.43,0.03,,0.01,0.5454545454545454,0.11764705882352941,,
033270,유나이티드제약,0.1917,-0.003499999999999979,,0.04,0.375,0.07142857142857142,824.0,0.30097087378640774
007460,에이프로젠 MED,,,,0.07,0.3333333333333333,0.0,,
016590,신대양제지,0.07400000000000001,0.022000000000000002,,0.02,0.3333333333333333,0.16666666666666666,115.0,0.08695652173913043
001510,SK증권,0.1527,-0.2042,0.19440000000000002,0.07,0.7142857142857143,0.06481481481481481,960.0,0.3729166666666667
122900,아이마켓코리아,0.495,-0.38900000000000007,,0.04,0.42857142857142855,0.0,427.0,0.3629976580796253
005500,삼진제약,0.3465,-0.006499999999999986,,0.05,0.42857142857142855,0.0967741935483871,724.0,0.287292817679558
015860,일진홀딩스,0.207,-0.06600000000000002,,0.02,0.3333333333333333,0.0,15.0,0.26666666666666666
003220,대원제약,0.612,0.42900000000000005,,0.04,0.6,0.2,1043.0,0.3029721955896453
003300,한일홀딩스,0.35229999999999995,0.05309999999999995,1.3747999999999998,0.01,0.25,0.0,28.0,0.10714285714285714
000050,경방,0.1405,-0.1091,,0.01,0.25,0.0,203.0,0.3793103448275862
077970,STX엔진,,,0.0,0.01,0.5,0.0,874.0,0.04805491990846682
009290,광동제약,0.161,0.02500000000000002,,0.04,0.5,0.07407407407407407,1042.0,0.2034548944337812
024720,한국콜마홀딩스,0.22,0.184,0.4435,0.03,0.2857142857142857,0.05555555555555555,96.0,0.4166666666666667
293480,하나제약,0.315,-0.22399999999999998,,0.03,0.3333333333333333,0.16,636.0,0.22012578616352202
002960,한국쉘석유,0.85,-0.02,,0.04,0.42857142857142855,0.14285714285714285,108.0,0.2777777777777778
000480,조선내화,0.5746,0.17420000000000002,1.2076,0.08,0.3333333333333333,0.0,567.0,0.0582010582010582
107590,미원홀딩스,0.035,-0.031100000000000003,,,0.42857142857142855,0.0,16.0,0.125
002150,도화엔지니어링,0.621,0.09800000000000005,,0.03,0.375,0.125,2341.0,0.10721913712088851
001500,현대차증권,0.24,-0.041999999999999996,,0.04,0.6,0.03225806451612903,815.0,0.3214723926380368
055490,테이팩스,0.175,0.003999999999999986,0.45399999999999996,0.04,0.5,0.125,368.0,0.08695652173913043
011700,한신기계,0.33899999999999997,0.027999999999999973,,,0.3333333333333333,0.0,81.0,0.1111111111111111
026890,디피씨,0.0974,-0.0726,0.187,0.06,0.375,0.0,94.0,0.1276595744680851
016580,환인제약,0.17309999999999998,-0.024400000000000012,,0.03,0.6,0.09090909090909091,509.0,0.3104125736738703
213500,한솔제지,1.043,0.7619999999999999,0.3056,0.04,0.375,0.0,1191.0,0.0948782535684299
001790,대한제당,0.5256000000000001,0.1693,0.9676,0.03,0.2857142857142857,0.0,419.0,0.1718377088305489
271980,제일약품,,,,0.03,0.42857142857142855,0.1,1006.0,0.23161033797216699
004250,NPC,0.1611,-0.0625,0.6076,0.03,0.25,0.0,238.0,0.08403361344537816
002990,금호건설,0.19399999999999998,-0.4850000000000001,0.4824,0.04,0.6666666666666666,0.0,1201.0,0.07577019150707744
002020,코오롱,0.0591,0.008799999999999999,,0.04,0.25,0.0,64.0,0.359375
001630,종근당홀딩스,0.5710000000000001,0.48200000000000004,,0.03,0.25,0.0,39.0,0.15384615384615385
104700,한국철강,0.0998,,,0.03,0.42857142857142855,0.0,358.0,0.055865921787709494
084690,대상홀딩스,0.166,0.07300000000000001,0.7044,0.03,0.25,0.16666666666666666,30.0,0.16666666666666666
298690,에어부산,,,,0.04,0.2857142857142857,0.0,1306.0,0.47473200612557426
001250,GS글로벌,,,,0.04,0.375,0.0,242.0,0.23140495867768596
002710,TCC스틸,0.1208,,,0.04,0.25,0.0,277.0,0.039711191335740074
214330,금호에이치티,,,0.2483,0.06,0.25,0.09090909090909091,495.0,0.2686868686868687
000490,대동,0.048,-0.031000000000000007,0.5544,0.05,0.42857142857142855,0.0,1318.0,0.04704097116843703
081000,일진다이아,0.525,-0.06100000000000001,,0.04,0.25,0.0,267.0,0.08614232209737828
001780,알루코,0.0,,0.49560000000000004,0.04,0.4,0.0,230.0,0.04782608695652174
037710,광주신세계,0.2582,0.1291,,0.01,0.5,0.0,170.0,0.7294117647058823
009680,모토닉,0.7301000000000001,0.14190000000000005,,0.01,0.25,0.0,278.0,0.06474820143884892
001520,동양,0.496,,,0.04,0.6,0.0,489.0,0.10633946830265849
000020,동화약품,0.2788,0.1045,,0.05,0.75,0.13636363636363635,732.0,0.2691256830601093
101060,SBS미디어홀딩스,,,,,,,,
095720,웅진씽크빅,,,0.6301,0.03,0.6,0.0,2086.0,0.8068072866730585
005810,풍산홀딩스,0.079,-0.489,,0.04,0.3333333333333333,0.0,302.0,0.056291390728476824
009410,태영건설,0.2151,0.19060000000000002,0.49200000000000005,0.03,0.6666666666666666,0.023255813953488372,,
001200,유진투자증권,0.145,-0.0040000000000000036,,0.05,0.6,0.06896551724137931,884.0,0.34728506787330315
020120,키다리스튜디오,,,,0.02,0.25,0.1,193.0,0.7098445595854922
006060,화승인더,-4.715,-4.9830000000000005,,0.05,0.42857142857142855,0.0,30.0,0.2
103590,일진전기,0.248,-0.21349999999999997,,0.03,0.25,0.0,795.0,0.04779874213836478
004380,삼익THK,0.526,-0.174,,0.02,0.3333333333333333,0.0,643.0,0.08709175738724728
024090,디씨엠,0.1629,-0.06720000000000002,0.4443,0.02,0.25,0.0,184.0,0.04891304347826087
036530,SNT홀딩스,0.1311,-0.1259,0.6331,0.01,0.3333333333333333,0.0,9.0,0.2222222222222222
029460,케이씨,0.059000000000000004,-0.018999999999999996,,0.04,0.3333333333333333,0.0,206.0,0.11650485436893204
005960,동부건설,,,0.5625,0.03,0.5,0.0,962.0,0.09667359667359668
105840,우진,-0.253,-0.311,,0.06,0.42857142857142855,0.0,157.0,0.12101910828025478
092230,KPX홀딩스,0.255,0.165,,0.02,0.3333333333333333,0.0,22.0,0.18181818181818182
084680,이월드,,,,0.02,0.25,0.4,766.0,0.4804177545691906
009580,무림P&P,0.419,,,0.03,0.6666666666666666,0.0,684.0,0.0804093567251462
002810,삼영무역,0.2404,-0.07240000000000002,,0.02,0.75,0.1,56.0,0.25
001570,금양,,,,0.04,0.3,0.0,90.0,0.14444444444444443
077500,유니퀘스트,0.1276,-0.01200000000000001,0.4482,0.04,0.42857142857142855,0.14285714285714285,190.0,0.20526315789473684
028100,동아지질,1.034,0.6190000000000001,,0.04,0.3333333333333333,0.0,323.0,0.04024767801857585
006490,인스코비,,,,0.08,0.2857142857142857,0.0,66.0,0.30303030303030304
068290,삼성출판사,0.337,0.29950000000000004,,0.03,0.42857142857142855,0.0,276.0,0.7862318840579711
002390,한독,1.462,1.3089999999999997,,0.04,0.42857142857142855,0.3684210526315789,964.0,0.4346473029045643
035510,신세계 I&C,0.084,0.042,0.713,0.02,0.5,0.1111111111111111,1152.0,0.2543402777777778
003570,SNT중공업,0.151,-0.7340000000000001,,0.03,0.25,0.0,583.0,0.03430531732418525
003060,에이프로젠제약,,,,0.05,0.25,0.1111111111111111,116.0,0.4224137931034483
128820,대성산업,,,0.7068000000000001,0.05,0.6,0.10526315789473684,397.0,0.10831234256926953
001130,대한제분,0.0471,-0.1109,0.4243,0.04,0.25,0.07142857142857142,,
025000,KPX케미칼,0.272,0.065,,0.02,0.3333333333333333,0.0,321.0,0.09345794392523364
079980,휴비스,2.7014,2.5813,,0.03,0.5,0.0,928.0,0.10883620689655173
012610,경인양행,0.0761,,0.3357,,0.3333333333333333,0.1111111111111111,625.0,0.1632
000230,일동홀딩스,,,,0.03,0.3333333333333333,0.15384615384615385,105.0,0.24761904761904763
008040,사조동아원,,,,0.04,0.375,0.0,325.0,0.11692307692307692
044450,KSS해운,0.1402,-0.373,,0.06,0.625,0.125,397.0,0.020151133501259445
033180,KH 필룩스,,,0.19010000000000002,0.07,0.25,0.1,144.0,0.2152777777777778
039570,HDC아이콘트롤스,1.1851,0.8,,0.02,0.25,0.0,5256.0,0.4296042617960426
001270,부국증권,0.1861,0.0071999999999999885,0.39759999999999995,0.01,0.42857142857142855,0.0,299.0,0.27424749163879597
001940,KISCO홀딩스,0.0487,-0.0816,,0.01,0.5,0.0,16.0,0.25
200880,서연이화,0.154,,1.1412,0.04,0.5,0.0,912.0,0.16447368421052633
031440,신세계푸드,1.202,1.334,,0.03,0.5,0.0,4008.0,0.5137225548902196
002100,경농,0.39299999999999996,0.038999999999999986,,0.02,0.25,0.06666666666666667,354.0,0.1638418079096045
011280,태림포장,0.203,,,0.02,0.5,0.0,940.0,0.03723404255319149
001360,삼성제약,,,,0.08,0.3333333333333333,0.0,190.0,0.4263157894736842
035150,백산,0.126,,,,0.3333333333333333,0.0,240.0,0.09583333333333334
015360,예스코홀딩스,0.361,,,0.01,0.5,0.0,27.0,0.14814814814814814
000540,흥국화재,,,,0.01,0.75,0.0,1182.0,0.46362098138747887
000680,LS네트웍스,,,,0.01,0.5,0.0,195.0,0.27692307692307694
014280,금강공업,0.138,,0.39740000000000003,0.05,0.5,0.0,358.0,0.1005586592178771
006880,신송홀딩스,0.174,-0.23,,0.03,0.3333333333333333,0.0,11.0,0.09090909090909091
004360,세방,0.08449999999999999,-0.0473,0.49700000000000005,0.04,0.42857142857142855,0.0,691.0,0.09261939218523878
002140,고려산업,0.21899999999999997,0.09299999999999999,,0.04,0.42857142857142855,0.0,128.0,0.1796875
234080,JW생명과학,0.613,0.15539999999999998,,0.05,0.4,0.0,282.0,0.20921985815602837
101530,해태제과식품,,,,0.02,0.4,0.0,1614.0,0.3265179677819083
001340,백광산업,0.14800000000000002,-0.06899999999999999,0.43979999999999997,0.05,0.3333333333333333,0.0,200.0,0.095
011500,한농화성,0.17859999999999998,-0.0334,,0.04,0.3333333333333333,0.0,214.0,0.04672897196261682
002210,동성제약,,,,0.06,0.3333333333333333,0.125,332.0,0.35843373493975905
007540,샘표,0.019,0.005999999999999998,,0.03,0.3333333333333333,0.0,2.0,0.5
005720,넥센,0.19219999999999998,-0.24670000000000003,0.5991,0.02,0.5,0.0,876.0,0.09817351598173515
033920,무학,,,,0.01,0.42857142857142855,0.14285714285714285,448.0,0.39732142857142855
004560,현대비앤지스틸,0.0218,-0.04279999999999999,0.4733,0.05,0.42857142857142855,0.0,487.0,0.03696098562628337
000970,한국주철관,0.13,-0.29,,0.03,0.2857142857142857,0.0,152.0,0.019736842105263157
036580,팜스코,1.138,0.856,,0.02,0.5,0.0,389.0,0.14395886889460155
000390,삼화페인트,,,0.2899,0.03,0.4,0.0,874.0,0.09610983981693363
003160,디아이,0.33799999999999997,-0.13700000000000004,,0.04,0.375,0.0,197.0,0.15736040609137056
013360,일성건설,,,0.6389,0.03,0.3333333333333333,0.0,399.0,0.09273182957393483
013570,디와이,,,,0.04,0.25,0.0,54.0,0.25925925925925924
074610,이엔플러스,,,,0.07,0.3333333333333333,0.09090909090909091,89.0,0.16853932584269662
000430,대원강업,,,,0.03,0.42857142857142855,0.0,768.0,0.033854166666666664
017550,수산중공업,0.047400000000000005,-0.0801,,0.05,0.42857142857142855,0.0,146.0,0.1095890410958904
005010,휴스틸,0.165,0.010999999999999996,,0.04,0.42857142857142855,0.05555555555555555,535.0,0.06355140186915888
083420,그린케미칼,0.3222,-0.1514,,0.03,0.25,0.0,168.0,0.07142857142857142
014160,대영포장,,,,0.04,0.6,0.13333333333333333,359.0,0.055710306406685235
094280,효성ITX,0.621,-0.08089999999999996,0.7491,0.02,0.5,0.05,8787.0,0.7818368043700922
007860,서연,0.092,0.294,0.9168000000000001,0.04,0.5,0.1111111111111111,19.0,0.10526315789473684
004970,신라교역,0.1773,-0.8664000000000001,,0.02,0.3333333333333333,0.11764705882352941,522.0,0.05363984674329502
090350,노루페인트,0.39,0.077,0.5191,0.04,0.2857142857142857,0.0,772.0,0.10880829015544041
092200,디아이씨,,,,0.06,0.5,0.0,703.0,0.031294452347083924
282690,동아타이어,0.8304,0.006600000000000108,,0.02,0.4,0.0,559.0,0.18246869409660108
002700,신일전자,0.22,0.04600000000000001,,0.07,0.4,0.0,125.0,0.136
006740,영풍제지,0.10980000000000001,0.027300000000000005,,0.02,0.3333333333333333,0.0,100.0,0.1
006220,제주은행,0.174,-0.009000000000000022,,0.02,0.5555555555555556,0.13333333333333333,411.0,0.41849148418491483
120030,조선선재,0.10400000000000001,-0.066,,0.03,0.6,0.0,129.0,0.05426356589147287
012030,DB,0.0,0.0,0.43810000000000004,0.04,0.5,0.0,417.0,0.2541966426858513
267850,아시아나IDT,,,,0.02,0.6,0.0,404.0,0.2301980198019802
015230,대창단조,0.13119999999999998,-0.044199999999999996,,0.03,0.5,0.0,104.0,0.019230769230769232
015540,쎌마테라퓨틱스,,,,0.04,0.3,0.1,,
002170,삼양통상,0.1075,0.0362,,0.02,0.5,0.0,276.0,0.40942028985507245
004080,신흥,0.1545,0.03139999999999999,,0.01,0.4,0.0,237.0,0.23628691983122363
014790,한라,0.0917,-0.16729999999999998,1.4631,0.04,0.5,0.03125,1160.0,0.14913793103448275
033530,세종공업,-0.317,-0.242,,0.05,0.5,0.029411764705882353,707.0,0.028288543140028287
000700,유수홀딩스,0.395,0.239,0.5585,0.03,0.75,0.25,25.0,0.4
004960,한신공영,0.084,0.04,,0.04,0.4,0.0,1034.0,0.08994197292069632
004090,한국석유,0.12,-0.030999999999999996,,0.05,0.6666666666666666,0.0,192.0,0.08854166666666667
004310,현대약품,-0.263,-0.805,,0.06,0.6,0.06666666666666667,364.0,0.18681318681318682
078520,에이블씨엔씨,,,,0.03,0.42857142857142855,0.42857142857142855,285.0,0.6350877192982456
000320,노루홀딩스,2.938,2.603,0.4471,0.06,0.4,0.0,56.0,0.17857142857142858
000180,성창기업지주,,,0.30329999999999996,0.05,0.3333333333333333,0.0,42.0,0.21428571428571427
003650,미창석유,0.11410000000000001,-0.047399999999999984,0.40240000000000004,0.01,0.4,0.09090909090909091,84.0,0.14285714285714285
210540,디와이파워,0.1066,0.010999999999999996,,0.05,0.25,0.0,444.0,0.02927927927927928
000860,강남제비스코,0.07200000000000001,-0.06760000000000001,0.5074000000000001,0.03,0.5,0.037037037037037035,671.0,0.06408345752608048
017040,광명전기,0.0745,-0.0646,,0.06,0.3333333333333333,0.0,202.0,0.039603960396039604
100840,SNT에너지,0.415,-0.136,,0.02,0.25,0.0,187.0,0.0374331550802139
010040,한국내화,0.218,-0.312,,0.02,0.3333333333333333,0.0,585.0,0.03247863247863248
017900,광전자,,,,0.02,0.3333333333333333,0.25,903.0,0.42524916943521596
001750,한양증권,0.15,-0.03699999999999999,0.8024000000000001,0.05,0.3333333333333333,0.0,456.0,0.30701754385964913
053690,한미글로벌,0.293,-0.01,,0.05,0.3,0.0,1002.0,0.11377245508982035
004140,동방,,,,0.07,0.3333333333333333,0.0,,
014530,극동유화,0.489,-0.16800000000000004,,0.04,0.3333333333333333,0.0,116.0,0.19827586206896552
004540,깨끗한나라,,,0.6245999999999999,0.03,0.25,0.08333333333333333,601.0,0.15141430948419302
002450,삼익악기,0.174,-0.245,,0.04,0.25,0.0,66.0,0.25757575757575757
012800,대창,0.087,,,0.05,0.3333333333333333,0.0,387.0,0.07235142118863049
008260,NI스틸,0.09720000000000001,-0.020599999999999986,0.5896,0.03,0.3333333333333333,0.0,221.0,0.09954751131221719
267290,경동도시가스,0.2327,-0.03870000000000001,1.0398,0.03,0.25,0.0,290.0,0.08620689655172414
005430,한국공항,,,,0.02,0.5,0.0,2602.0,0.02421214450422752
001260,남광토건,,,,0.03,0.25,0.0,906.0,0.08609271523178808
019440,세아특수강,,,,0.02,0.3333333333333333,0.0,322.0,0.055900621118012424
123690,한국화장품,0.0,0.0,,0.04,0.25,0.1,46.0,0.4782608695652174
093230,이아이디,,,,0.07,0.25,0.0,26.0,0.46153846153846156
006370,대구백화점,,,,0.02,1.0,0.16666666666666666,171.0,0.6198830409356725
006380,카프로,,,,0.07,0.6,0.0,261.0,0.03065134099616858
012690,모나리자,,,,0.04,0.4,0.0,196.0,0.12755102040816327
012200,계양전기,-0.1465,-0.2737,0.4807,0.04,0.42857142857142855,0.0,729.0,0.102880658436214
067830,세이브존I&C,0.152,0.03799999999999999,,0.02,0.25,0.0,361.0,0.5263157894736842
014580,태경비케이,0.325,-0.27299999999999996,,0.04,0.3333333333333333,0.1,273.0,0.17582417582417584
011150,CJ씨푸드,,,,0.05,0.3333333333333333,0.0,427.0,0.49882903981264637
009440,KC그린홀딩스,0.5720000000000001,,0.47590000000000005,,0.3333333333333333,0.0,16.0,0.4375
016880,웅진,,,,0.05,0.3333333333333333,0.0,825.0,0.6206060606060606
009810,플레이그램,,,0.19,0.06,0.25,0.0,41.0,0.21951219512195122
004060,SG세계물산,,,,0.04,0.3333333333333333,0.1,125.0,0.48
023800,인지컨트롤스,0.64,1.1,,0.05,0.25,0.4,520.0,0.1576923076923077
003560,IHQ,,,,0.05,0.5,0.0,182.0,0.33516483516483514
002360,SH에너지화학,1.76,,0.3106,0.06,0.5,0.1,152.0,0.06578947368421052
020760,일진디스플,,,,0.05,0.3333333333333333,0.0,209.0,0.3875598086124402
000300,대유플러스,,,,0.05,0.25,0.0,182.0,0.14285714285714285
006340,대원전선,,,,0.07,0.5,0.0,154.0,0.05844155844155844
007110,일신석재,,,0.4132,0.05,0.25,0.0,97.0,0.1958762886597938
004720,팜젠사이언스,,,,0.08,0.2857142857142857,0.125,263.0,0.23954372623574144
000500,가온전선,0.282,0.03379999999999999,,0.04,1.0,0.0,421.0,0.07125890736342043
025750,한솔홈데코,0.29510000000000003,,,0.07,0.2857142857142857,0.0,305.0,0.14754098360655737
005740,크라운해태홀딩스,0.34,0.275,0.5677,0.03,0.25,0.125,87.0,0.19540229885057472
001290,상상인증권,,,,0.03,0.3333333333333333,0.0,121.0,0.2892561983471074
003350,한국화장품제조,0.0,0.0,,0.03,0.25,0.125,179.0,0.3687150837988827
013870,지엠비코리아,0.156,,,0.04,1.0,0.0,707.0,0.07072135785007072
005800,신영와코루,0.20800000000000002,-0.254,0.49,0.01,0.25,0.0,392.0,0.5178571428571429
023000,삼원강재,0.474,-0.03990000000000002,0.6111,0.02,0.25,0.0,272.0,0.011029411764705883
002600,조흥,0.243,-0.236,,0.02,0.25,0.0,359.0,0.18384401114206128
002760,보락,,,,,,,,
002220,한일철강,,,,0.03,0.25,0.15384615384615385,124.0,0.08870967741935484
005870,휴니드,,,,0.04,0.4,0.0,372.0,0.16129032258064516
034300,신세계건설,0.13,-0.132,,0.05,0.5,0.0,872.0,0.12041284403669725
024890,대원화성,,,,0.01,0.6666666666666666,0.0,,
027740,마니커,,,0.3,0.06,0.25,0.0,526.0,0.4847908745247148
002720,국제약품,,,,0.05,0.375,0.0,399.0,0.3007518796992481
025820,이구산업,0.079,-0.45,,0.04,0.42857142857142855,0.0,191.0,0.031413612565445025
010600,웰바이오텍,0.0,0.0,0.08789999999999999,0.08,0.2857142857142857,0.125,21.0,0.47619047619047616
004830,덕성,0.13699999999999998,-0.09300000000000001,0.19390000000000002,0.06,0.5,0.0,179.0,0.10614525139664804
004440,삼일씨엔에스,,,,0.03,0.42857142857142855,0.0,271.0,0.02952029520295203
011810,STX,,,,0.03,0.25,0.125,82.0,0.2073170731707317
009460,한창제지,0.079,-0.034,,0.05,0.3333333333333333,0.0,219.0,0.0639269406392694
002880,대유에이텍,,,,0.04,0.5,0.07142857142857142,340.0,0.03529411764705882
091090,세원이앤씨,,,,0.07,0.2857142857142857,0.06666666666666667,203.0,0.10344827586206896
004410,서울식품,,,0.15810000000000002,0.08,0.2857142857142857,0.1111111111111111,231.0,0.4155844155844156
007590,동방아그로,0.621,-0.038999999999999986,0.34259999999999996,0.02,0.4,0.0,227.0,0.09691629955947137
031820,콤텍시스템,,,,0.06,0.25,0.0,516.0,0.06782945736434108
016090,대현,0.207,0.01,,0.04,0.375,0.2727272727272727,460.0,0.658695652173913
227840,현대코퍼레이션홀딩스,0.369,0.13099999999999998,,0.04,0.5,0.0,72.0,0.2777777777777778
012170,아센디오,,,0.4028,0.03,0.3333333333333333,0.0,40.0,0.275
009180,한솔로지스틱스,0.0702,-0.0879,,0.07,0.42857142857142855,0.0,383.0,0.21148825065274152
008250,이건산업,0.184,-1.084,,0.06,0.25,0.0,207.0,0.12077294685990338
016740,두올,0.1671,-0.2871,,0.04,0.2857142857142857,0.0,509.0,0.5540275049115914
002200,한국수출포장,0.1689,-0.11509999999999998,,0.04,0.25,0.0,397.0,0.04030226700251889
000650,천일고속,-6.281000000000001,-5.648000000000001,0.8573999999999999,0.01,0.25,0.0,323.0,0.043343653250773995
006660,삼성공조,,,,0.04,0.25,0.0,165.0,0.21212121212121213
001140,국보,,,,0.08,0.38461538461538464,0.07142857142857142,109.0,0.1743119266055046
047400,유니온머티리얼,2.702,,0.4407,0.04,0.25,0.0,310.0,0.07419354838709677
007980,태평양물산,,,0.32780000000000004,0.05,0.3333333333333333,0.2222222222222222,435.0,0.5655172413793104
009320,대우부품,,,,0.06,0.4,0.0,271.0,0.28044280442804426
155660,DSR,0.065,-0.025,,0.02,0.6,0.07142857142857142,166.0,0.15060240963855423
134790,시디즈,0.0519,0.022700000000000005,,0.02,0.4,0.2,160.0,0.31875
004840,DRB동일,-0.1425,-0.5563,,0.02,0.6666666666666666,0.0,280.0,0.10714285714285714
101140,인바이오젠,,,,0.05,0.5,0.14285714285714285,39.0,0.38461538461538464
002630,오리엔트바이오,,,,0.06,0.25,0.1111111111111111,129.0,0.46511627906976744
003720,삼영화학,,,,0.07,0.4,0.0,,
163560,동일고무벨트,0.1834,-0.004200000000000017,,0.02,0.6666666666666666,0.0,550.0,0.07090909090909091
006090,사조오양,0.11900000000000001,0.04300000000000001,0.0,0.03,0.42857142857142855,0.0,828.0,0.5410628019323671
000910,유니온,0.22190000000000001,0.0873,0.3882,0.05,0.25,0.0,232.0,0.07327586206896551
013700,까뮤이앤씨,-0.294,-0.39,,0.05,0.5,0.0,181.0,0.09944751381215469
013520,화승코퍼레이션,,,,0.04,0.3,0.0,155.0,0.0967741935483871
011330,유니켐,0.61,0.307,,0.06,0.25,0.0625,313.0,0.5047923322683706
071090,하이스틸,,,0.5304,0.04,0.25,0.0,200.0,0.05
058850,KTcs,0.21100000000000002,-0.075,,0.06,0.42857142857142855,0.058823529411764705,9220.0,0.7786334056399132
133820,화인베스틸,,,,0.04,0.5,0.1,122.0,0.05737704918032787
011390,부산산업,-0.1424,-0.24960000000000002,0.5175,0.04,0.4,0.0,44.0,0.11363636363636363
129260,인터지스,0.193,,,0.03,0.6,0.0,441.0,0.14285714285714285
000950,전방,,,,0.03,0.3333333333333333,0.0,262.0,0.5038167938931297
023350,한국종합기술,0.094,-0.067,0.5363,0.03,0.42857142857142855,0.023809523809523808,1465.0,0.10034129692832765
058860,KTis,0.13,-0.22899999999999998,,0.06,0.3333333333333333,0.14285714285714285,7778.0,0.784391874517871
012320,경동인베스트,0.11199999999999999,0.04049999999999999,1.0857999999999999,0.02,0.3333333333333333,0.0,14.0,0.07142857142857142
111110,호전실업,0.1895,0.1895,,0.04,0.6,0.23076923076923078,146.0,0.6917808219178082
143210,핸즈코퍼레이션,-0.0038,0.0261,,0.02,0.3333333333333333,0.0,1204.0,0.14451827242524917
011090,에넥스,,,,0.06,0.0,0.0,,
021820,세원정공,0.0101,-0.0228,,0.02,0.5714285714285714,0.1,197.0,0.03553299492385787
004910,조광페인트,,,,0.03,0.3333333333333333,0.14285714285714285,482.0,0.08921161825726141
118000,우리들휴브레인,,,,0.09,0.4,0.3333333333333333,31.0,0.45161290322580644
004450,삼화왕관,1.6024,0.07800000000000011,,0.01,0.3333333333333333,0.0,225.0,0.07111111111111111
027970,세하,,,0.5073,0.04,0.25,0.0,270.0,0.07407407407407407
012160,영흥,,,,0.04,0.5,0.16666666666666666,,
025620,제이준코스메틱,,,,0.08,0.5,0.0,46.0,0.5
010100,한국프랜지,0.0803,-0.053000000000000005,,0.05,0.25,0.0,473.0,0.019027484143763214
006980,우성,,,0.649,0.05,0.25,0.0,63.0,0.23809523809523808
090080,평화산업,,,,0.03,0.42857142857142855,0.0,806.0,0.060794044665012405
023960,에쓰씨엔지니어링,,,,0.07,0.25,0.0,145.0,0.1103448275862069
002920,유성기업,0.38539999999999996,,0.0,0.04,0.5,0.0,577.0,0.04679376083188908
001020,페이퍼코리아,,,,0.03,0.3333333333333333,0.0,158.0,0.056962025316455694
008420,문배철강,0.057999999999999996,-0.05600000000000001,,0.05,0.5,0.0,63.0,0.19047619047619047
026940,부국철강,0.17,-1.6880000000000002,1.0688,0.04,0.3333333333333333,0.0,53.0,0.05660377358490566
005110,한창,,,,0.09,0.3333333333333333,0.0,27.0,0.2222222222222222
069730,DSR제강,0.0756,-0.0335,,0.03,0.6,0.1,164.0,0.07317073170731707
008870,금비,,,,,0.3333333333333333,0.0,249.0,0.26104417670682734
049800,우진플라임,0.0447,-0.0843,0.408,0.04,0.25,0.0,528.0,0.08333333333333333
015260,에이엔피,,,0.1491,0.07,0.25,0.1,265.0,0.14339622641509434
009770,삼정펄프,0.32799999999999996,0.23499999999999996,,0.02,0.3333333333333333,0.0,234.0,0.06837606837606838
021050,서원,0.048,,,0.05,0.3333333333333333,0.0,141.0,0.06382978723404255
002690,동일제강,0.0479,,,0.03,0.5,0.0,127.0,0.10236220472440945
092780,동양피스톤,0.1066,0.20990000000000003,,0.03,0.42857142857142855,0.14285714285714285,557.0,0.03231597845601436
001380,SG글로벌,,,,0.03,0.25,0.0,126.0,0.49206349206349204
005360,모나미,,,,0.07,0.25,0.0,188.0,0.43617021276595747
006200,한국전자홀딩스,,,,0.05,0.3333333333333333,0.0,38.0,0.2631578947368421
004870,티웨이홀딩스,,,,0.04,0.4,0.0,14.0,0.14285714285714285
002820,SUN&L,-0.027999999999999997,,,0.04,0.25,0.0,557.0,0.29443447037701975
000040,KR모터스,,,,0.04,0.4,0.0,52.0,0.11538461538461539
006570,대림통상,,,,0.01,0.25,0.18181818181818182,257.0,0.25680933852140075
014990,인디에프,,,,0.03,0.5,0.0,170.0,0.49411764705882355
010660,화천기계,,,0.3454,0.05,0.3333333333333333,0.0,285.0,0.09473684210526316
019180,티에이치엔,0.054000000000000006,0.085,,0.05,0.25,0.05555555555555555,472.0,0.13559322033898305
015020,이스타코,,,,0.06,0.5,0.16666666666666666,47.0,0.851063829787234
001620,케이비아이동국실업,,,,0.05,0.3333333333333333,0.0,356.0,0.09269662921348315
005820,원림,0.24100000000000002,0.18,,0.02,0.3333333333333333,0.0,82.0,0.2073170731707317
123700,SJM,0.32899999999999996,0.03799999999999997,,0.03,0.3333333333333333,0.0,323.0,0.04024767801857585
004100,태양금속,,,0.4425,0.04,0.6,0.0,541.0,0.07948243992606285
010640,진양폴리,0.47200000000000003,-0.303,,0.03,,0.0,57.0,0.03508771929824561
002070,비비안,,,,0.08,0.2857142857142857,0.25,195.0,0.38974358974358975
024070,WISCOM,0.632,,,0.04,0.5,0.0,239.0,0.058577405857740586
004920,씨아이테크,,,,0.05,0.25,0.0,76.0,0.15789473684210525
093240,형지엘리트,,,,0.06,0.3333333333333333,0.14285714285714285,36.0,0.3888888888888889
044380,주연테크,,,0.2728,0.07,0.4,0.0,95.0,0.2736842105263158
011420,갤럭시아에스엠,,,,0.04,0.25,0.0,92.0,0.15217391304347827
025530,SJM홀딩스,0.557,0.105,,0.01,0.3333333333333333,0.0,5.0,0.0
012600,센트럴인사이트,,,,0.06,0.42857142857142855,0.07692307692307693,63.0,0.15873015873015872
010400,우진아이엔에스,,,,0.02,0.5,0.0,137.0,0.051094890510948905
084670,동양고속,,,,0.03,0.5,0.2222222222222222,682.0,0.020527859237536656
000760,이화산업,,,0.728,0.01,0.3333333333333333,0.0,41.0,0.12195121951219512
030720,동원수산,,,,0.07,0.3333333333333333,0.0,195.0,0.21025641025641026
007120,미래아이앤지,,,,0.07,0.25,0.0,40.0,0.3
018500,동원금속,,,,0.06,0.5,0.0,592.0,0.02195945945945946
003680,한성기업,,,,0.04,0.25,0.0,716.0,0.6522346368715084
009140,경인전자,,,0.4901,0.02,0.3333333333333333,0.0,15.0,0.2
001420,태원물산,4.962,,,0.04,0.3333333333333333,0.0,44.0,0.09090909090909091
001770,SHD,0.019299999999999998,-0.2291,,0.03,0.5,0.0,74.0,0.10810810810810811
001210,금호전기,,,0.3297,0.05,0.3333333333333333,0.07142857142857142,107.0,0.308411214953271
011230,삼화전자,,,,0.05,0.25,0.0,119.0,0.17647058823529413
025890,한국주강,,,0.5698,0.03,0.3333333333333333,0.0,40.0,0.05
010420,한솔PNS,0.14800000000000002,-0.025999999999999978,,0.04,0.2857142857142857,0.0,217.0,0.2534562211981567
071950,코아스,,,,0.06,0.5,0.0,273.0,0.1684981684981685
008500,일정실업,,,,0.02,0.25,0.0,95.0,0.14736842105263157
030790,비케이탑스,,,0.5658,0.06,0.0,0.0,21.0,0.2857142857142857
007630,폴루스바이오팜,,,,,,,,
036490,SK머티리얼즈,,,,,,,,
263750,펄어비스,,,,0.03,0.25,0.0,930.0,0.2838709677419355
247540,에코프로비엠,0.20800000000000002,0.006999999999999993,1.0412000000000001,0.04,0.5,0.0,1151.0,0.059079061685490875
253450,스튜디오드래곤,,,,0.03,0.25,0.0,166.0,0.572289156626506
278280,천보,0.07,-0.04,0.5543,0.04,0.5,0.14285714285714285,128.0,0.125
035760,CJ ENM,0.225,-0.358,,0.04,0.5714285714285714,0.15555555555555556,3366.0,0.577243018419489
058470,리노공업,0.36560000000000004,-0.04549999999999997,,0.05,0.25,0.0,595.0,0.5663865546218487
112040,위메이드,0.07,,,0.05,0.3333333333333333,0.07692307692307693,175.0,0.34285714285714286
096530,씨젠,0.096,0.018,,0.07,0.4,0.12,1070.0,0.42149532710280374
086520,에코프로,,,,0.06,0.4,0.1,73.0,0.3013698630136986
035900,JYP Ent.,0.18100000000000002,0.009000000000000022,,0.06,0.42857142857142855,0.14285714285714285,280.0,0.6178571428571429
237690,에스티팜,2.8393,,,0.02,0.3333333333333333,0.1,1112.0,0.25719424460431656
005290,동진쎄미켐,0.055,-0.005,,0.05,0.25,0.021739130434782608,1216.0,0.10526315789473684
108320,LX세미콘,0.29600000000000004,-0.006999999999999993,,,0.5,0.043478260869565216,1272.0,0.19103773584905662
041510,에스엠,0.035,,,0.06,0.25,0.2777777777777778,522.0,0.6226053639846744
240810,원익IPS,0.1,0.0009999999999999966,,0.05,0.42857142857142855,0.0,1520.0,0.10789473684210527
048260,오스템임플란트,0.14400000000000002,0.061,,0.06,0.4,0.0,2233.0,0.19167039856695028
064760,티씨케이,0.204,-0.008000000000000007,,0.03,0.25,0.0,439.0,0.03644646924829157
145020,휴젤,,,,0.04,0.2857142857142857,0.0,472.0,0.461864406779661
025900,동화기업,,,,0.02,0.3333333333333333,0.05555555555555555,,
034230,파라다이스,,,,0.04,0.4,0.10526315789473684,1333.0,0.4351087771942986
141080,레고켐바이오,,,,0.06,0.4,0.0,116.0,0.5431034482758621
137400,피엔티,0.063,-0.0010000000000000052,,0.07,0.42857142857142855,0.14285714285714285,474.0,0.056962025316455694
039030,이오테크닉스,0.153,-0.018999999999999986,,0.06,0.25,0.0,602.0,0.10963455149501661
098460,고영,0.205,-0.607,,0.03,0.4,0.043478260869565216,490.0,0.18775510204081633
003380,하림지주,,,,,,,,
215200,메가스터디교육,0.29,-0.12100000000000001,,0.04,0.3,0.125,1565.0,0.5143769968051118
078340,컴투스,0.11900000000000001,-0.10499999999999998,,0.05,0.4,0.0,1231.0,0.35012185215272135
067160,아프리카TV,0.113,-0.08,,0.04,0.5,0.23529411764705882,599.0,0.2854757929883139
041140,넥슨지티,,,,,,,,
144510,지씨셀,,,,0.04,0.2857142857142857,0.125,788.0,0.35152284263959394
030190,NICE평가정보,0.361,0.012000000000000028,,0.03,0.375,0.0,723.0,0.35408022130013833
053800,안랩,0.22699999999999998,-0.19599999999999998,,0.04,0.6,0.0,1241.0,0.18372280419016923
086450,동국제약,0.1521,0.013000000000000006,0.46480000000000005,0.04,0.3333333333333333,0.07407407407407407,1109.0,0.36158701532912535
048410,현대바이오,,,,0.08,0.25,0.0,58.0,0.43103448275862066
039200,오스코텍,,,,0.06,,0.0,47.0,0.3404255319148936
036540,SFA반도체,,,0.5501,0.04,0.25,0.0,600.0,0.43333333333333335
122870,와이지엔터테인먼트,0.6870999999999999,,,0.06,0.3333333333333333,0.14285714285714285,379.0,0.5567282321899736
085660,차바이오텍,,,0.3098,0.06,0.3333333333333333,0.1111111111111111,220.0,0.6
200130,콜마비앤에이치,0.163,0.04600000000000001,,0.03,0.3333333333333333,0.0625,461.0,0.3470715835140998
095700,제넥신,,,,0.07,0.2857142857142857,0.11764705882352941,120.0,0.6083333333333333
000250,삼천당제약,,,,0.05,0.25,0.0,392.0,0.24744897959183673
084850,아이티엠반도체,0.713,0.40399999999999997,,0.03,0.4,0.0,309.0,0.20064724919093851
214450,파마리서치,0.128,-0.02299999999999999,,0.04,0.42857142857142855,0.0,270.0,0.35185185185185186
272290,이녹스첨단소재,0.0857,,,0.05,0.25,0.0,704.0,0.056818181818181816
069080,웹젠,,,,0.04,0.5,0.3333333333333333,547.0,0.360146252285192
046890,서울반도체,0.522,0.024000000000000056,,0.06,1.0,0.0,751.0,0.28495339547270304
151860,KG ETS,0.0901,-0.0525,,0.04,0.3333333333333333,0.0,160.0,0.1
182400,엔케이맥스,,,,0.08,0.25,0.0,129.0,0.6124031007751938
025980,아난티,,,,0.06,0.3333333333333333,0.0,622.0,0.41961414790996787
218410,RFHIC,0.679,-0.836,,0.06,0.25,0.0,290.0,0.22413793103448276
290510,코리아센터,,,,0.02,0.42857142857142855,0.1111111111111111,446.0,0.5067264573991032
178320,서진시스템,,,,0.06,0.25,0.0,299.0,0.07357859531772576
033290,코웰패션,0.1704,0.027099999999999992,,0.02,0.25,0.3125,706.0,0.4178470254957507
060250,NHN한국사이버결제,,,0.848,0.03,0.5,0.05555555555555555,364.0,0.3901098901098901
091700,파트론,0.267,-0.318,,0.06,0.25,0.0,463.0,0.12311015118790497
051500,CJ프레시웨이,0.134,,,0.03,0.5,0.07692307692307693,6276.0,0.710006373486297
235980,메드팩토,,,0.33140000000000003,0.06,0.3333333333333333,0.2222222222222222,69.0,0.5072463768115942
038540,상상인,0.054000000000000006,,,0.03,0.25,0.0,167.0,0.0658682634730539
089980,상아프론테크,0.335,-0.713,,0.05,0.25,0.0,508.0,0.19291338582677164
092040,아미코젠,,,,0.07,0.4,0.0625,232.0,0.31896551724137934
041960,코미팜,,,,0.05,0.3333333333333333,0.14285714285714285,159.0,0.48427672955974843
033640,네패스,,,,0.07,0.2857142857142857,0.0,663.0,0.19457013574660634
243840,신흥에스이씨,0.1127,-0.0015000000000000035,,0.03,0.3333333333333333,0.0,2705.0,0.4975970425138632
101490,에스앤에스텍,0.18100000000000002,0.03700000000000001,,0.06,0.3333333333333333,0.0,218.0,0.09174311926605505
029960,코엔텍,0.504,-0.49000000000000005,,0.03,0.3333333333333333,0.0,85.0,0.09411764705882353
038500,삼표시멘트,0.3957,-0.19089999999999996,,0.02,0.4,0.0,657.0,0.0441400304414003
143240,사람인에이치알,0.20800000000000002,-0.09699999999999999,0.478,0.02,0.25,0.08333333333333333,455.0,0.4901098901098901
104830,원익머트리얼즈,0.096,0.02,,0.03,0.25,0.06666666666666667,461.0,0.09327548806941431
268600,셀리버리,,,,0.06,0.3333333333333333,0.0,89.0,0.48314606741573035
060150,인선이엔티,,,,0.05,0.25,0.0,,
032190,다우데이타,0.0782,-0.021400000000000006,,0.02,0.25,0.0,163.0,0.25766871165644173
104480,티케이케미칼,,,,0.04,0.4,0.0,646.0,0.07585139318885449
100130,동국S&C,0.321,-1.156,,0.04,0.6666666666666666,0.0,100.0,0.03
061970,엘비세미콘,0.067,-0.013999999999999995,,0.05,0.25,0.0,618.0,0.3478964401294498
034950,한국기업평가,0.6809999999999999,0.030999999999999944,,0.02,0.42857142857142855,0.0,187.0,0.34759358288770054
078130,국일제지,,,0.32130000000000003,0.06,,0.0,209.0,0.06698564593301436
088800,에이스테크,,,0.20600000000000002,0.07,0.25,0.0,276.0,0.14492753623188406
078070,유비쿼스홀딩스,0.2882,-0.005700000000000003,,0.03,0.5,0.0,12.0,0.3333333333333333
048530,인트론바이오,,,,0.07,0.3333333333333333,0.2727272727272727,102.0,0.4411764705882353
078160,메디포스트,,,,0.08,0.2857142857142857,0.375,554.0,0.5776173285198556
030530,원익홀딩스,,,,0.03,0.25,0.0,412.0,0.13349514563106796
051370,인터플렉스,,,,0.05,0.25,0.0,483.0,0.13664596273291926
083790,크리스탈지노믹스,,,,0.08,0.2857142857142857,0.1,56.0,0.5714285714285714
042000,카페24,,,,0.04,0.3333333333333333,0.2777777777777778,1303.0,0.48656945510360705
108230,톱텍,,,,0.05,0.5,0.0,418.0,0.045454545454545456
194700,노바렉스,0.09029999999999999,-0.004600000000000009,,0.03,0.3333333333333333,0.125,383.0,0.40992167101827676
237880,클리오,0.27,0.1,,0.02,0.3333333333333333,0.75,291.0,0.8006872852233677
265520,AP시스템,0.063,-0.021000000000000005,0.2506,0.07,0.3333333333333333,0.0,459.0,0.08714596949891068
082920,비츠로셀,0.188,0.005,,0.03,0.5,0.0,367.0,0.46866485013623976
036030,케이티알파,,,,0.02,0.3333333333333333,0.0,679.0,0.3858615611192931
023760,한국캐피탈,0.20600000000000002,0.01,1.61,0.01,0.5714285714285714,0.09090909090909091,243.0,0.345679012345679
122990,와이솔,0.255,-1.883,,0.06,,0.0,518.0,0.3204633204633205
052020,에스티큐브,,,,0.09,0.3333333333333333,0.0,16.0,0.5
138080,오이솔루션,0.222,-0.03600000000000001,0.5821999999999999,0.06,0.5,0.043478260869565216,381.0,0.43832020997375326
089600,나스미디어,0.28600000000000003,-0.010999999999999979,1.1968,0.03,0.42857142857142855,0.0,424.0,0.5919811320754716
044340,위닉스,0.396,0.205,,0.04,0.5,0.0,449.0,0.2383073496659243
094480,갤럭시아머니트리,-6.207000000000001,-6.671500000000001,,0.03,0.3333333333333333,0.1111111111111111,135.0,0.4444444444444444
067280,멀티캠퍼스,0.174,-0.12300000000000001,0.6244,0.02,0.3333333333333333,0.0,1722.0,0.6782810685249709
045390,대아티아이,,,,0.08,0.3333333333333333,0.0,358.0,0.08379888268156424
192440,슈피겐코리아,0.11199999999999999,-0.023000000000000007,,0.04,1.5,0.1,347.0,0.4755043227665706
131370,알서포트,0.085,,,0.04,,0.0,296.0,0.28378378378378377
183490,엔지켐생명과학,,,,0.07,0.5,0.2,110.0,0.34545454545454546
053300,한국정보인증,0.386,0.06600000000000002,,0.03,0.375,0.0,128.0,0.2890625
043610,지니뮤직,,,,0.03,0.42857142857142855,0.07142857142857142,240.0,0.5333333333333333
239610,에이치엘사이언스,0.155,0.053000000000000005,,0.03,0.5,0.3333333333333333,77.0,0.4675324675324675
052260,현대바이오랜드,-0.09,0.020999999999999998,,0.06,0.2857142857142857,0.0,326.0,0.294478527607362
054050,농우바이오,0.39399999999999996,0.055,,0.04,0.6,0.0,426.0,0.3755868544600939
092730,네오팜,0.307,0.026999999999999993,,0.05,0.5,0.1111111111111111,127.0,0.44881889763779526
041440,현대에버다임,,,,0.04,0.5,0.0,518.0,0.0637065637065637
216050,인크로스,0.247,,,0.03,0.42857142857142855,0.0,248.0,0.5564516129032258
200230,텔콘RF제약,,,,0.08,0.42857142857142855,0.0625,140.0,0.4
021320,KCC건설,0.0761,-0.020300000000000002,,0.02,0.3333333333333333,0.0,1145.0,0.09519650655021834
263050,유틸렉스,,,,0.05,0.3333333333333333,0.1,106.0,0.6037735849056604
036560,영풍정밀,0.4689,0.05549999999999997,,0.04,0.5,0.0,232.0,0.09051724137931035
046140,SBS콘텐츠허브,0.098,,,0.02,0.42857142857142855,0.14285714285714285,53.0,0.5094339622641509
039860,나노엔텍,,,,0.06,,0.0,126.0,0.2857142857142857
056700,신화인터텍,,,,0.06,0.25,0.0,328.0,0.20121951219512196
007820,에스엠코어,,,,0.07,0.25,0.0,256.0,0.23828125
016250,SGC이테크건설,0.040999999999999995,0.027999999999999997,,0.04,0.25,0.0,893.0,0.07838745800671892
016600,큐캐피탈,,,,0.05,0.5,0.0,23.0,0.2608695652173913
021880,메이슨캐피탈,,,,0.05,0.4,0.0,10.0,0.2
036670,KCI,,,,0.04,0.3333333333333333,0.0,165.0,0.13333333333333333
293580,나우IB,0.11199999999999999,-0.07400000000000002,,0.02,0.3333333333333333,0.0,19.0,0.21052631578947367
010470,오리콤,0.415,-2.875,,0.03,0.6,0.09090909090909091,263.0,0.6311787072243346
190650,코리아에셋투자증권,0.24780000000000002,-0.0484,,0.02,0.25,0.0,213.0,0.26291079812206575
019570,리더스 기술투자,,,,0.05,0.25,0.0,6.0,0.16666666666666666
